[{"url":"google.com","events":[{"method":"Debugger.scriptParsed","params":{"scriptId":"3","url":"","startLine":0,"startColumn":0,"endLine":0,"endColumn":47,"executionContextId":1,"hash":"12e311941793e4ae58e954e74471e9c4740f92e2","executionContextAuxData":{"isDefault":true,"type":"default","frameId":"216DF65FC49400F265996D49DBBA80CF"},"isLiveEdit":false,"sourceMapURL":"","hasSourceURL":false,"isModule":false,"length":47}},{"method":"Debugger.scriptParsed","params":{"scriptId":"4","url":"","startLine":0,"startColumn":0,"endLine":0,"endColumn":29,"executionContextId":1,"hash":"2a465019881df91948eb38a8383b5be1365f7214","executionContextAuxData":{"isDefault":true,"type":"default","frameId":"216DF65FC49400F265996D49DBBA80CF"},"isLiveEdit":false,"sourceMapURL":"","hasSourceURL":false,"isModule":false,"length":29}},{"method":"Debugger.scriptParsed","params":{"scriptId":"5","url":"","startLine":0,"startColumn":0,"endLine":0,"endColumn":224,"executionContextId":1,"hash":"3ed55986a4f1811a2eaaea245348b53d0631b950","executionContextAuxData":{"isDefault":true,"type":"default","frameId":"216DF65FC49400F265996D49DBBA80CF"},"isLiveEdit":false,"sourceMapURL":"","hasSourceURL":false,"isModule":false,"length":224}}]}]